development,origin,incurred,paid,lob
1988,1988,"8,933","3,002",PersonalAuto
1989,1988,"10,688","5,923",PersonalAuto
1990,1988,"11,545","7,876",PersonalAuto
1991,1988,"11,689","9,271",PersonalAuto
1992,1988,"11,585","10,190",PersonalAuto
1993,1988,"11,328","10,626",PersonalAuto
1994,1988,"11,203","11,010",PersonalAuto
1995,1988,"11,150","11,074",PersonalAuto
1996,1988,"11,198","11,197",PersonalAuto
1997,1988,"11,191","11,191",PersonalAuto
1989,1989,"10,400","3,666",PersonalAuto
1990,1989,"13,031","7,044",PersonalAuto
1991,1989,"13,350","9,245",PersonalAuto
1992,1989,"13,900","11,164",PersonalAuto
1993,1989,"14,363","12,510",PersonalAuto
1994,1989,"14,300","13,228",PersonalAuto
1995,1989,"14,555","13,953",PersonalAuto
1996,1989,"14,422","14,136",PersonalAuto
1997,1989,"14,439","14,328",PersonalAuto
1990,1990,"11,508","4,042",PersonalAuto
1991,1990,"13,374","7,690",PersonalAuto
1992,1990,"14,190","10,444",PersonalAuto
1993,1990,"14,686","12,084",PersonalAuto
1994,1990,"14,557","13,231",PersonalAuto
1995,1990,"14,460","14,049",PersonalAuto
1996,1990,"14,452","14,304",PersonalAuto
1997,1990,"14,383","14,273",PersonalAuto
1991,1991,"10,344","3,764",PersonalAuto
1992,1991,"13,018","7,225",PersonalAuto
1993,1991,"14,285","9,699",PersonalAuto
1994,1991,"14,323","12,024",PersonalAuto
1995,1991,"14,135","13,091",PersonalAuto
1996,1991,"13,891","13,426",PersonalAuto
1997,1991,"13,788","13,581",PersonalAuto
1992,1992,"12,524","4,152",PersonalAuto
1993,1992,"14,956","8,139",PersonalAuto
1994,1992,"15,280","10,842",PersonalAuto
1995,1992,"15,621","12,544",PersonalAuto
1996,1992,"15,391","14,040",PersonalAuto
1997,1992,"15,242","14,729",PersonalAuto
1993,1993,"12,250","4,343",PersonalAuto
1994,1993,"14,730","8,008",PersonalAuto
1995,1993,"15,569","10,995",PersonalAuto
1996,1993,"15,922","13,217",PersonalAuto
1997,1993,"15,944","14,755",PersonalAuto
1994,1994,"13,660","5,492",PersonalAuto
1995,1994,"15,394","9,084",PersonalAuto
1996,1994,"16,142","11,765",PersonalAuto
1997,1994,"16,857","14,095",PersonalAuto
1995,1995,"14,193","5,530",PersonalAuto
1996,1995,"15,975","10,114",PersonalAuto
1997,1995,"16,657","13,111",PersonalAuto
1996,1996,"19,705","7,550",PersonalAuto
1997,1996,"22,421","12,951",PersonalAuto
1997,1997,"22,103","9,236",PersonalAuto
1988,1988,"3,766","1,242",CommercialAuto
1989,1988,"4,818","2,553",CommercialAuto
1990,1988,"5,224","3,713",CommercialAuto
1991,1988,"5,553","4,452",CommercialAuto
1992,1988,"5,704","5,016",CommercialAuto
1993,1988,"5,985","5,792",CommercialAuto
1994,1988,"6,039","6,006",CommercialAuto
1995,1988,"6,075","6,070",CommercialAuto
1996,1988,"6,070","6,070",CommercialAuto
1997,1988,"6,060","6,061",CommercialAuto
1989,1989,"3,589","1,448",CommercialAuto
1990,1989,"5,031","2,702",CommercialAuto
1991,1989,"5,106","3,314",CommercialAuto
1992,1989,"5,201","4,072",CommercialAuto
1993,1989,"5,316","4,721",CommercialAuto
1994,1989,"5,185","4,936",CommercialAuto
1995,1989,"5,148","5,105",CommercialAuto
1996,1989,"5,143","5,127",CommercialAuto
1997,1989,"5,145","5,130",CommercialAuto
1990,1990,"5,358","1,930",CommercialAuto
1991,1990,"6,473","3,537",CommercialAuto
1992,1990,"6,983","4,880",CommercialAuto
1993,1990,"7,280","5,887",CommercialAuto
1994,1990,"7,639","6,953",CommercialAuto
1995,1990,"7,513","7,160",CommercialAuto
1996,1990,"7,510","7,277",CommercialAuto
1997,1990,"7,502","7,384",CommercialAuto
1991,1991,"6,316","2,026",CommercialAuto
1992,1991,"8,315","4,265",CommercialAuto
1993,1991,"8,671","5,441",CommercialAuto
1994,1991,"9,504","7,162",CommercialAuto
1995,1991,"9,574","8,508",CommercialAuto
1996,1991,"9,350","8,944",CommercialAuto
1997,1991,"9,317","9,000",CommercialAuto
1992,1992,"6,683","2,549",CommercialAuto
1993,1992,"8,417","4,104",CommercialAuto
1994,1992,"9,118","5,822",CommercialAuto
1995,1992,"9,159","7,120",CommercialAuto
1996,1992,"8,828","8,081",CommercialAuto
1997,1992,"8,717","8,372",CommercialAuto
1993,1993,"8,492","3,070",CommercialAuto
1994,1993,"10,365","5,139",CommercialAuto
1995,1993,"11,276","7,108",CommercialAuto
1996,1993,"11,204","9,073",CommercialAuto
1997,1993,"11,113","10,075",CommercialAuto
1994,1994,"9,716","3,737",CommercialAuto
1995,1994,"11,816","5,991",CommercialAuto
1996,1994,"12,599","8,398",CommercialAuto
1997,1994,"12,924","10,058",CommercialAuto
1995,1995,"10,405","4,044",CommercialAuto
1996,1995,"12,471","6,682",CommercialAuto
1997,1995,"13,978","9,196",CommercialAuto
1996,1996,"12,759","5,251",CommercialAuto
1997,1996,"16,479","8,892",CommercialAuto
1997,1997,"13,321","5,645",CommercialAuto
