LOB,AccidentYear,DevelopmentYear,Paid,Incurred
MedMal,1969,1969,125000,2897000
MedMal,1970,1970,43000,4828000
MedMal,1971,1971,295000,5455000
MedMal,1972,1972,50000,8732000
MedMal,1973,1973,213000,11228000
MedMal,1974,1974,172000,8706000
MedMal,1975,1975,210000,12928000
MedMal,1976,1976,209000,15791000
MedMal,1969,1970,406000,5160000
MedMal,1970,1971,529000,10707000
MedMal,1971,1972,1147000,11941000
MedMal,1972,1973,786000,18633000
MedMal,1973,1974,833000,19967000
MedMal,1974,1975,1587000,33459000
MedMal,1975,1976,1565000,48904000
MedMal,1969,1971,1443000,10714000
MedMal,1970,1972,2016000,16907000
MedMal,1971,1973,2479000,20733000
MedMal,1972,1974,3810000,32143000
MedMal,1973,1975,3599000,50143000
MedMal,1974,1976,6267000,63477000
MedMal,1969,1972,2986000,15228000
MedMal,1970,1973,3641000,22840000
MedMal,1971,1974,5071000,30928000
MedMal,1972,1975,9771000,57196000
MedMal,1973,1976,11292000,73733000
MedMal,1969,1973,4467000,16611000
MedMal,1970,1974,7523000,26211000
MedMal,1971,1975,11399000,42395000
MedMal,1972,1976,18518000,61163000
MedMal,1969,1974,8179000,20899000
MedMal,1970,1975,14295000,31970000
MedMal,1971,1976,17707000,48377000
MedMal,1969,1975,12638000,22892000
MedMal,1970,1976,18983000,32216000
MedMal,1969,1976,15815000,23506000
