mes;producto;polizas;prima_anual
31/01/2024;Comunidades;7;12.671,08
31/01/2024;Hogar Básico;32;7.631,27
31/01/2024;Hogar Plus;25;11.260,41
29/02/2024;Comunidades;2;3.556,29
29/02/2024;Hogar Básico;31;7.203,33
29/02/2024;Hogar Plus;31;13.013,81
31/03/2024;Comunidades;8;16.724,50
31/03/2024;Hogar Básico;41;9.196,50
31/03/2024;Hogar Plus;24;9.309,27
30/04/2024;Comunidades;6;11.029,21
30/04/2024;Hogar Básico;37;9.480,19
30/04/2024;Hogar Plus;26;10.585,68
31/05/2024;Comunidades;5;8.746,02
31/05/2024;Hogar Básico;40;9.218,84
31/05/2024;Hogar Plus;27;11.477,01
30/06/2024;Comunidades;5;7.742,82
30/06/2024;Hogar Básico;30;6.593,60
30/06/2024;Hogar Plus;18;7.403,63
31/07/2024;Comunidades;4;7.073,91
31/07/2024;Hogar Básico;42;10.295,70
31/07/2024;Hogar Plus;31;13.218,21
31/08/2024;Comunidades;7;12.478,66
31/08/2024;Hogar Básico;45;10.138,99
31/08/2024;Hogar Plus;20;7.775,98
30/09/2024;Comunidades;8;15.136,59
30/09/2024;Hogar Básico;38;8.695,60
30/09/2024;Hogar Plus;20;8.552,93
31/10/2024;Comunidades;13;21.595,28
31/10/2024;Hogar Básico;35;8.205,63
31/10/2024;Hogar Plus;28;12.228,81
30/11/2024;Comunidades;8;13.446,98
30/11/2024;Hogar Básico;38;8.914,69
30/11/2024;Hogar Plus;27;12.470,95
31/12/2024;Comunidades;8;13.840,64
31/12/2024;Hogar Básico;40;9.386,92
31/12/2024;Hogar Plus;23;9.290,91
